window_start,window_end,p50_ms,p95_ms,p99_ms,error_count,total_requests,error_rate
60.036437,70.036437,408.7968,413.1106,486.4279,0,196,0.0
70.023179,80.023179,409.2696,412.5376,416.5678,0,196,0.0
80.019139,90.019139,409.3469,412.1139,413.6797,0,196,0.0
90.016036,100.016036,408.9083,412.4497,416.9926,0,196,0.0
100.005207,110.005207,408.9435,412.3517,414.4049,0,197,0.0
110.045422,120.045422,409.083,412.8044,418.8621,0,196,0.0
120.041336,130.041336,409.2044,412.2658,415.1932,0,196,0.0
130.030045,140.030045,409.0458,413.1852,419.2667,0,196,0.0
140.026805,150.026805,409.271,424.9866,431.0993,1,196,0.00510204081632653
150.039532,160.039532,408.9225,412.4662,414.8364,0,196,0.0
160.029706,170.029706,409.162,412.8329,415.8119,0,196,0.0
170.02464,180.02464,409.8396,456.6781,489.2149,0,195,0.0
180.044683,190.044683,409.2865,442.2179,447.8607,2,196,0.01020408163265306
190.025291,200.025291,408.6845,447.813,453.7864,0,195,0.0
200.004337,210.004337,410.2255,412.7051,414.1686,0,196,0.0
210.014358,220.014358,408.9445,412.8085,415.4506,0,196,0.0
220.004422,230.004422,408.8693,412.9229,413.9914,0,197,0.0
230.045481,240.045481,410.0779,413.8942,415.8406,0,195,0.0
240.00665,250.00665,408.6124,413.0265,414.9201,0,197,0.0
250.04211,260.04211,409.0811,412.481,416.6232,0,196,0.0
260.036791,270.036791,409.0557,413.3477,415.9738,0,196,0.0
270.031365,280.031365,409.4323,412.8717,414.3676,0,196,0.0
280.032543,290.032543,408.8406,413.2679,419.3503,0,196,0.0
290.022819,300.022819,409.3213,412.2414,414.6088,0,196,0.0
300.014846,310.014846,409.0712,412.7142,416.3347,0,196,0.0
310.006549,320.006549,409.2303,415.2866,443.5574,0,195,0.0
320.010204,330.010204,411.6619,462.8661,617.1663,0,196,0.0
330.024911,340.024911,412.5444,418.878,438.1076,0,195,0.0
340.038714,350.038714,411.4487,418.4022,427.841,0,195,0.0
350.029518,360.029518,413.1469,425.3896,450.4428,0,195,0.0
360.041499,370.041499,413.0411,423.4736,439.0728,0,194,0.0
370.00733,380.00733,412.1718,515.6456,627.3613,0,189,0.0
380.06943,390.06943,413.0082,610.0339,654.0026,0,193,0.0
390.047127,400.047127,413.541,424.1577,460.067,0,194,0.0
400.024166,410.024166,412.262,425.025,452.9987,0,195,0.0
410.019595,420.019595,411.7117,421.0407,449.2023,0,195,0.0
420.020077,430.020077,412.3916,419.917,441.3236,0,195,0.0
430.025933,440.025933,413.5222,417.5206,427.0404,0,195,0.0
440.050671,450.050671,411.6786,418.3404,439.0683,0,195,0.0
450.046341,460.046341,413.3867,417.3956,430.001,0,194,0.0
460.011151,470.011151,412.8699,418.0562,435.4694,0,195,0.0
470.034989,480.034989,411.8354,420.7353,461.3291,0,195,0.0
480.022729,490.022729,412.9947,422.0733,449.7956,0,194,0.0
490.001229,500.001229,413.294,417.7642,438.5258,0,195,0.0
500.020738,510.020738,413.5461,417.7461,429.3951,0,194,0.0
510.046277,520.0462769999999,413.0084,417.2155,443.7931,0,195,0.0
520.016329,530.016329,413.3137,418.4454,434.3941,0,195,0.0
530.043943,540.043943,413.2315,422.7569,449.6394,0,194,0.0
540.016531,550.016531,413.2722,417.5673,447.8353,0,195,0.0
550.039752,560.039752,413.0813,417.5441,433.9555,0,194,0.0
560.003838,570.003838,412.6452,416.666,426.3823,0,195,0.0
570.015149,580.015149,413.0639,416.8105,444.5364,0,195,0.0
580.032045,590.032045,413.1754,417.692,426.6498,0,195,0.0
590.052043,600.052043,411.9374,418.2691,443.0324,0,195,0.0
600.051966,610.051966,411.7786,416.5955,416.5955,0,4,0.0
